Asset,Maximum Capability,Total Net Generation,Year,Month,Day,Hour,Minute
Ardenville Wind (ARD1),68,0,2015,4,8,21,0
Blackspring Ridge (BSR1),300,25,2015,4,8,21,0
Blue Trail Wind (BTR1),66,0,2015,4,8,21,0
Castle River #1 (CR1),39,2,2015,4,8,21,0
Castle Rock Wind Farm (CRR1),77,3,2015,4,8,21,0
Cowley Ridge (CRW1),38,0,2015,4,8,21,0
Enmax Taber (TAB1),81,3,2015,4,8,21,0
Ghost Pine (NEP1),82,0,2015,4,8,21,0
Halkirk Wind Power Facility (HAL1),150,0,2015,4,8,21,0
Kettles Hill (KHW1),63,3,2015,4,8,21,0
McBride Lake Windfarm (AKE1),73,0,2015,4,8,21,0
Oldman 2 Wind Farm 1 (OWF1),46,2,2015,4,8,21,0
Soderglen Wind  (GWW1),71,2,2015,4,8,21,0
Summerview 1 (IEW1),66,0,2015,4,8,21,0
Summerview 2 (IEW2),66,0,2015,4,8,21,0
Suncor Chin Chute (SCR3),30,1,2015,4,8,21,0
Suncor Magrath (SCR2),30,0,2015,4,8,21,0
Suncor Wintering Hills (SCR4),88,0,2015,4,8,21,0
Ardenville Wind (ARD1),68,0,2015,4,8,21,1
Blackspring Ridge (BSR1),300,25,2015,4,8,21,1
Blue Trail Wind (BTR1),66,0,2015,4,8,21,1
Castle River #1 (CR1),39,2,2015,4,8,21,1
Castle Rock Wind Farm (CRR1),77,3,2015,4,8,21,1
Cowley Ridge (CRW1),38,0,2015,4,8,21,1
Enmax Taber (TAB1),81,3,2015,4,8,21,1
Ghost Pine (NEP1),82,0,2015,4,8,21,1
Halkirk Wind Power Facility (HAL1),150,0,2015,4,8,21,1
Kettles Hill (KHW1),63,3,2015,4,8,21,1
McBride Lake Windfarm (AKE1),73,0,2015,4,8,21,1
Oldman 2 Wind Farm 1 (OWF1),46,2,2015,4,8,21,1
Soderglen Wind  (GWW1),71,2,2015,4,8,21,1
Summerview 1 (IEW1),66,0,2015,4,8,21,1
Summerview 2 (IEW2),66,0,2015,4,8,21,1
Suncor Chin Chute (SCR3),30,2,2015,4,8,21,1
Suncor Magrath (SCR2),30,0,2015,4,8,21,1
Suncor Wintering Hills (SCR4),88,0,2015,4,8,21,1
Ardenville Wind (ARD1),68,0,2015,4,8,21,2
Blackspring Ridge (BSR1),300,25,2015,4,8,21,2
Blue Trail Wind (BTR1),66,0,2015,4,8,21,2
Castle River #1 (CR1),39,2,2015,4,8,21,2
Castle Rock Wind Farm (CRR1),77,3,2015,4,8,21,2
Cowley Ridge (CRW1),38,0,2015,4,8,21,2
Enmax Taber (TAB1),81,3,2015,4,8,21,2
Ghost Pine (NEP1),82,0,2015,4,8,21,2
Halkirk Wind Power Facility (HAL1),150,0,2015,4,8,21,2
Kettles Hill (KHW1),63,3,2015,4,8,21,2
McBride Lake Windfarm (AKE1),73,0,2015,4,8,21,2
Oldman 2 Wind Farm 1 (OWF1),46,2,2015,4,8,21,2
Soderglen Wind  (GWW1),71,2,2015,4,8,21,2
Summerview 1 (IEW1),66,0,2015,4,8,21,2
Summerview 2 (IEW2),66,0,2015,4,8,21,2
Suncor Chin Chute (SCR3),30,2,2015,4,8,21,2
Suncor Magrath (SCR2),30,0,2015,4,8,21,2
Suncor Wintering Hills (SCR4),88,0,2015,4,8,21,2
Ardenville Wind (ARD1),68,0,2015,4,8,21,3
Blackspring Ridge (BSR1),300,24,2015,4,8,21,3
Blue Trail Wind (BTR1),66,0,2015,4,8,21,3
Castle River #1 (CR1),39,2,2015,4,8,21,3
Castle Rock Wind Farm (CRR1),77,3,2015,4,8,21,3
Cowley Ridge (CRW1),38,0,2015,4,8,21,3
Enmax Taber (TAB1),81,3,2015,4,8,21,3
Ghost Pine (NEP1),82,0,2015,4,8,21,3
Halkirk Wind Power Facility (HAL1),150,0,2015,4,8,21,3
Kettles Hill (KHW1),63,2,2015,4,8,21,3
McBride Lake Windfarm (AKE1),73,0,2015,4,8,21,3
Oldman 2 Wind Farm 1 (OWF1),46,2,2015,4,8,21,3
Soderglen Wind  (GWW1),71,3,2015,4,8,21,3
Summerview 1 (IEW1),66,0,2015,4,8,21,3
Summerview 2 (IEW2),66,0,2015,4,8,21,3
Suncor Chin Chute (SCR3),30,2,2015,4,8,21,3
Suncor Magrath (SCR2),30,0,2015,4,8,21,3
Suncor Wintering Hills (SCR4),88,0,2015,4,8,21,3
Ardenville Wind (ARD1),68,0,2015,4,8,21,4
Blackspring Ridge (BSR1),300,24,2015,4,8,21,4
Blue Trail Wind (BTR1),66,0,2015,4,8,21,4
Castle River #1 (CR1),39,2,2015,4,8,21,4
Castle Rock Wind Farm (CRR1),77,3,2015,4,8,21,4
Cowley Ridge (CRW1),38,0,2015,4,8,21,4
Enmax Taber (TAB1),81,3,2015,4,8,21,4
Ghost Pine (NEP1),82,0,2015,4,8,21,4
Halkirk Wind Power Facility (HAL1),150,0,2015,4,8,21,4
Kettles Hill (KHW1),63,3,2015,4,8,21,4
McBride Lake Windfarm (AKE1),73,0,2015,4,8,21,4
Oldman 2 Wind Farm 1 (OWF1),46,2,2015,4,8,21,4
Soderglen Wind  (GWW1),71,3,2015,4,8,21,4
Summerview 1 (IEW1),66,0,2015,4,8,21,4
Summerview 2 (IEW2),66,0,2015,4,8,21,4
Suncor Chin Chute (SCR3),30,2,2015,4,8,21,4
Suncor Magrath (SCR2),30,0,2015,4,8,21,4
Suncor Wintering Hills (SCR4),88,0,2015,4,8,21,4
Ardenville Wind (ARD1),68,0,2015,4,8,21,5
Blackspring Ridge (BSR1),300,23,2015,4,8,21,5
Blue Trail Wind (BTR1),66,0,2015,4,8,21,5
Castle River #1 (CR1),39,2,2015,4,8,21,5
Castle Rock Wind Farm (CRR1),77,3,2015,4,8,21,5
Cowley Ridge (CRW1),38,0,2015,4,8,21,5
Enmax Taber (TAB1),81,3,2015,4,8,21,5
Ghost Pine (NEP1),82,0,2015,4,8,21,5
Halkirk Wind Power Facility (HAL1),150,0,2015,4,8,21,5
Kettles Hill (KHW1),63,3,2015,4,8,21,5
McBride Lake Windfarm (AKE1),73,0,2015,4,8,21,5
Oldman 2 Wind Farm 1 (OWF1),46,2,2015,4,8,21,5
Soderglen Wind  (GWW1),71,3,2015,4,8,21,5
Summerview 1 (IEW1),66,0,2015,4,8,21,5
Summerview 2 (IEW2),66,0,2015,4,8,21,5
Suncor Chin Chute (SCR3),30,2,2015,4,8,21,5
Suncor Magrath (SCR2),30,0,2015,4,8,21,5
Suncor Wintering Hills (SCR4),88,0,2015,4,8,21,5
Ardenville Wind (ARD1),68,0,2015,4,8,21,6
Blackspring Ridge (BSR1),300,23,2015,4,8,21,6
Blue Trail Wind (BTR1),66,0,2015,4,8,21,6
Castle River #1 (CR1),39,2,2015,4,8,21,6
Castle Rock Wind Farm (CRR1),77,3,2015,4,8,21,6
Cowley Ridge (CRW1),38,0,2015,4,8,21,6
Enmax Taber (TAB1),81,3,2015,4,8,21,6
Ghost Pine (NEP1),82,0,2015,4,8,21,6
Halkirk Wind Power Facility (HAL1),150,0,2015,4,8,21,6
Kettles Hill (KHW1),63,3,2015,4,8,21,6
McBride Lake Windfarm (AKE1),73,0,2015,4,8,21,6
Oldman 2 Wind Farm 1 (OWF1),46,2,2015,4,8,21,6
Soderglen Wind  (GWW1),71,2,2015,4,8,21,6
Summerview 1 (IEW1),66,0,2015,4,8,21,6
Summerview 2 (IEW2),66,0,2015,4,8,21,6
Suncor Chin Chute (SCR3),30,1,2015,4,8,21,6
Suncor Magrath (SCR2),30,0,2015,4,8,21,6
Suncor Wintering Hills (SCR4),88,0,2015,4,8,21,6
Ardenville Wind (ARD1),68,0,2015,4,8,21,7
Blackspring Ridge (BSR1),300,23,2015,4,8,21,7
Blue Trail Wind (BTR1),66,0,2015,4,8,21,7
Castle River #1 (CR1),39,2,2015,4,8,21,7
Castle Rock Wind Farm (CRR1),77,3,2015,4,8,21,7
Cowley Ridge (CRW1),38,0,2015,4,8,21,7
Enmax Taber (TAB1),81,3,2015,4,8,21,7
Ghost Pine (NEP1),82,0,2015,4,8,21,7
Halkirk Wind Power Facility (HAL1),150,0,2015,4,8,21,7
Kettles Hill (KHW1),63,3,2015,4,8,21,7
McBride Lake Windfarm (AKE1),73,0,2015,4,8,21,7
Oldman 2 Wind Farm 1 (OWF1),46,2,2015,4,8,21,7
Soderglen Wind  (GWW1),71,2,2015,4,8,21,7
Summerview 1 (IEW1),66,0,2015,4,8,21,7
Summerview 2 (IEW2),66,0,2015,4,8,21,7
Suncor Chin Chute (SCR3),30,2,2015,4,8,21,7
Suncor Magrath (SCR2),30,0,2015,4,8,21,7
Suncor Wintering Hills (SCR4),88,0,2015,4,8,21,7
Ardenville Wind (ARD1),68,0,2015,4,8,21,8
Blackspring Ridge (BSR1),300,23,2015,4,8,21,8
Blue Trail Wind (BTR1),66,0,2015,4,8,21,8
Castle River #1 (CR1),39,2,2015,4,8,21,8
Castle Rock Wind Farm (CRR1),77,3,2015,4,8,21,8
Cowley Ridge (CRW1),38,0,2015,4,8,21,8
Enmax Taber (TAB1),81,3,2015,4,8,21,8
Ghost Pine (NEP1),82,0,2015,4,8,21,8
Halkirk Wind Power Facility (HAL1),150,0,2015,4,8,21,8
Kettles Hill (KHW1),63,3,2015,4,8,21,8
McBride Lake Windfarm (AKE1),73,0,2015,4,8,21,8
Oldman 2 Wind Farm 1 (OWF1),46,2,2015,4,8,21,8
Soderglen Wind  (GWW1),71,2,2015,4,8,21,8
Summerview 1 (IEW1),66,0,2015,4,8,21,8
Summerview 2 (IEW2),66,0,2015,4,8,21,8
Suncor Chin Chute (SCR3),30,2,2015,4,8,21,8
Suncor Magrath (SCR2),30,0,2015,4,8,21,8
Suncor Wintering Hills (SCR4),88,0,2015,4,8,21,8
Ardenville Wind (ARD1),68,0,2015,4,8,21,9
Blackspring Ridge (BSR1),300,22,2015,4,8,21,9
Blue Trail Wind (BTR1),66,0,2015,4,8,21,9
Castle River #1 (CR1),39,2,2015,4,8,21,9
Castle Rock Wind Farm (CRR1),77,3,2015,4,8,21,9
Cowley Ridge (CRW1),38,0,2015,4,8,21,9
Enmax Taber (TAB1),81,3,2015,4,8,21,9
Ghost Pine (NEP1),82,0,2015,4,8,21,9
Halkirk Wind Power Facility (HAL1),150,0,2015,4,8,21,9
Kettles Hill (KHW1),63,3,2015,4,8,21,9
McBride Lake Windfarm (AKE1),73,0,2015,4,8,21,9
Oldman 2 Wind Farm 1 (OWF1),46,2,2015,4,8,21,9
Soderglen Wind  (GWW1),71,2,2015,4,8,21,9
Summerview 1 (IEW1),66,0,2015,4,8,21,9
Summerview 2 (IEW2),66,0,2015,4,8,21,9
Suncor Chin Chute (SCR3),30,2,2015,4,8,21,9
Suncor Magrath (SCR2),30,0,2015,4,8,21,9
Suncor Wintering Hills (SCR4),88,0,2015,4,8,21,9
Ardenville Wind (ARD1),68,0,2015,4,8,21,10
Blackspring Ridge (BSR1),300,21,2015,4,8,21,10
Blue Trail Wind (BTR1),66,0,2015,4,8,21,10
Castle River #1 (CR1),39,2,2015,4,8,21,10
Castle Rock Wind Farm (CRR1),77,3,2015,4,8,21,10
Cowley Ridge (CRW1),38,0,2015,4,8,21,10
Enmax Taber (TAB1),81,3,2015,4,8,21,10
Ghost Pine (NEP1),82,0,2015,4,8,21,10
Halkirk Wind Power Facility (HAL1),150,0,2015,4,8,21,10
Kettles Hill (KHW1),63,3,2015,4,8,21,10
McBride Lake Windfarm (AKE1),73,0,2015,4,8,21,10
Oldman 2 Wind Farm 1 (OWF1),46,2,2015,4,8,21,10
Soderglen Wind  (GWW1),71,2,2015,4,8,21,10
Summerview 1 (IEW1),66,0,2015,4,8,21,10
Summerview 2 (IEW2),66,0,2015,4,8,21,10
Suncor Chin Chute (SCR3),30,2,2015,4,8,21,10
Suncor Magrath (SCR2),30,0,2015,4,8,21,10
Suncor Wintering Hills (SCR4),88,0,2015,4,8,21,10
Ardenville Wind (ARD1),68,0,2015,4,8,21,11
Blackspring Ridge (BSR1),300,21,2015,4,8,21,11
Blue Trail Wind (BTR1),66,0,2015,4,8,21,11
Castle River #1 (CR1),39,2,2015,4,8,21,11
Castle Rock Wind Farm (CRR1),77,3,2015,4,8,21,11
Cowley Ridge (CRW1),38,0,2015,4,8,21,11
Enmax Taber (TAB1),81,4,2015,4,8,21,11
Ghost Pine (NEP1),82,0,2015,4,8,21,11
Halkirk Wind Power Facility (HAL1),150,0,2015,4,8,21,11
Kettles Hill (KHW1),63,3,2015,4,8,21,11
McBride Lake Windfarm (AKE1),73,0,2015,4,8,21,11
Oldman 2 Wind Farm 1 (OWF1),46,1,2015,4,8,21,11
Soderglen Wind  (GWW1),71,2,2015,4,8,21,11
Summerview 1 (IEW1),66,0,2015,4,8,21,11
Summerview 2 (IEW2),66,0,2015,4,8,21,11
Suncor Chin Chute (SCR3),30,2,2015,4,8,21,11
Suncor Magrath (SCR2),30,0,2015,4,8,21,11
Suncor Wintering Hills (SCR4),88,0,2015,4,8,21,11
Ardenville Wind (ARD1),68,0,2015,4,8,21,12
Blackspring Ridge (BSR1),300,21,2015,4,8,21,12
Blue Trail Wind (BTR1),66,0,2015,4,8,21,12
Castle River #1 (CR1),39,2,2015,4,8,21,12
Castle Rock Wind Farm (CRR1),77,3,2015,4,8,21,12
Cowley Ridge (CRW1),38,0,2015,4,8,21,12
Enmax Taber (TAB1),81,4,2015,4,8,21,12
Ghost Pine (NEP1),82,0,2015,4,8,21,12
Halkirk Wind Power Facility (HAL1),150,0,2015,4,8,21,12
Kettles Hill (KHW1),63,4,2015,4,8,21,12
McBride Lake Windfarm (AKE1),73,0,2015,4,8,21,12
Oldman 2 Wind Farm 1 (OWF1),46,1,2015,4,8,21,12
Soderglen Wind  (GWW1),71,2,2015,4,8,21,12
Summerview 1 (IEW1),66,0,2015,4,8,21,12
Summerview 2 (IEW2),66,0,2015,4,8,21,12
Suncor Chin Chute (SCR3),30,2,2015,4,8,21,12
Suncor Magrath (SCR2),30,0,2015,4,8,21,12
Suncor Wintering Hills (SCR4),88,0,2015,4,8,21,12
Ardenville Wind (ARD1),68,0,2015,4,8,21,13
Blackspring Ridge (BSR1),300,20,2015,4,8,21,13
Blue Trail Wind (BTR1),66,0,2015,4,8,21,13
Castle River #1 (CR1),39,2,2015,4,8,21,13
Castle Rock Wind Farm (CRR1),77,3,2015,4,8,21,13
Cowley Ridge (CRW1),38,0,2015,4,8,21,13
Enmax Taber (TAB1),81,4,2015,4,8,21,13
Ghost Pine (NEP1),82,0,2015,4,8,21,13
Halkirk Wind Power Facility (HAL1),150,0,2015,4,8,21,13
Kettles Hill (KHW1),63,6,2015,4,8,21,13
McBride Lake Windfarm (AKE1),73,0,2015,4,8,21,13
Oldman 2 Wind Farm 1 (OWF1),46,2,2015,4,8,21,13
Soderglen Wind  (GWW1),71,2,2015,4,8,21,13
Summerview 1 (IEW1),66,0,2015,4,8,21,13
Summerview 2 (IEW2),66,0,2015,4,8,21,13
Suncor Chin Chute (SCR3),30,2,2015,4,8,21,13
Suncor Magrath (SCR2),30,0,2015,4,8,21,13
Suncor Wintering Hills (SCR4),88,0,2015,4,8,21,13
Ardenville Wind (ARD1),68,0,2015,4,8,21,14
Blackspring Ridge (BSR1),300,20,2015,4,8,21,14
Blue Trail Wind (BTR1),66,0,2015,4,8,21,14
Castle River #1 (CR1),39,2,2015,4,8,21,14
Castle Rock Wind Farm (CRR1),77,3,2015,4,8,21,14
Cowley Ridge (CRW1),38,0,2015,4,8,21,14
Enmax Taber (TAB1),81,4,2015,4,8,21,14
Ghost Pine (NEP1),82,0,2015,4,8,21,14
Halkirk Wind Power Facility (HAL1),150,0,2015,4,8,21,14
Kettles Hill (KHW1),63,6,2015,4,8,21,14
McBride Lake Windfarm (AKE1),73,0,2015,4,8,21,14
Oldman 2 Wind Farm 1 (OWF1),46,1,2015,4,8,21,14
Soderglen Wind  (GWW1),71,2,2015,4,8,21,14
Summerview 1 (IEW1),66,0,2015,4,8,21,14
Summerview 2 (IEW2),66,0,2015,4,8,21,14
Suncor Chin Chute (SCR3),30,2,2015,4,8,21,14
Suncor Magrath (SCR2),30,0,2015,4,8,21,14
Suncor Wintering Hills (SCR4),88,0,2015,4,8,21,14
Ardenville Wind (ARD1),68,0,2015,4,8,21,15
Blackspring Ridge (BSR1),300,20,2015,4,8,21,15
Blue Trail Wind (BTR1),66,0,2015,4,8,21,15
Castle River #1 (CR1),39,2,2015,4,8,21,15
Castle Rock Wind Farm (CRR1),77,3,2015,4,8,21,15
Cowley Ridge (CRW1),38,0,2015,4,8,21,15
Enmax Taber (TAB1),81,4,2015,4,8,21,15
Ghost Pine (NEP1),82,0,2015,4,8,21,15
Halkirk Wind Power Facility (HAL1),150,0,2015,4,8,21,15
Kettles Hill (KHW1),63,6,2015,4,8,21,15
McBride Lake Windfarm (AKE1),73,0,2015,4,8,21,15
Oldman 2 Wind Farm 1 (OWF1),46,2,2015,4,8,21,15
Soderglen Wind  (GWW1),71,2,2015,4,8,21,15
Summerview 1 (IEW1),66,0,2015,4,8,21,15
Summerview 2 (IEW2),66,0,2015,4,8,21,15
Suncor Chin Chute (SCR3),30,2,2015,4,8,21,15
Suncor Magrath (SCR2),30,0,2015,4,8,21,15
Suncor Wintering Hills (SCR4),88,0,2015,4,8,21,15
Ardenville Wind (ARD1),68,0,2015,4,8,21,16
Blackspring Ridge (BSR1),300,20,2015,4,8,21,16
Blue Trail Wind (BTR1),66,0,2015,4,8,21,16
Castle River #1 (CR1),39,2,2015,4,8,21,16
Castle Rock Wind Farm (CRR1),77,2,2015,4,8,21,16
Cowley Ridge (CRW1),38,0,2015,4,8,21,16
Enmax Taber (TAB1),81,4,2015,4,8,21,16
Ghost Pine (NEP1),82,0,2015,4,8,21,16
Halkirk Wind Power Facility (HAL1),150,0,2015,4,8,21,16
Kettles Hill (KHW1),63,6,2015,4,8,21,16
McBride Lake Windfarm (AKE1),73,0,2015,4,8,21,16
Oldman 2 Wind Farm 1 (OWF1),46,1,2015,4,8,21,16
Soderglen Wind  (GWW1),71,2,2015,4,8,21,16
Summerview 1 (IEW1),66,0,2015,4,8,21,16
Summerview 2 (IEW2),66,0,2015,4,8,21,16
Suncor Chin Chute (SCR3),30,2,2015,4,8,21,16
Suncor Magrath (SCR2),30,0,2015,4,8,21,16
Suncor Wintering Hills (SCR4),88,0,2015,4,8,21,16
Ardenville Wind (ARD1),68,0,2015,4,8,21,17
Blackspring Ridge (BSR1),300,20,2015,4,8,21,17
Blue Trail Wind (BTR1),66,0,2015,4,8,21,17
Castle River #1 (CR1),39,2,2015,4,8,21,17
Castle Rock Wind Farm (CRR1),77,2,2015,4,8,21,17
Cowley Ridge (CRW1),38,0,2015,4,8,21,17
Enmax Taber (TAB1),81,4,2015,4,8,21,17
Ghost Pine (NEP1),82,0,2015,4,8,21,17
Halkirk Wind Power Facility (HAL1),150,0,2015,4,8,21,17
Kettles Hill (KHW1),63,6,2015,4,8,21,17
McBride Lake Windfarm (AKE1),73,0,2015,4,8,21,17
Oldman 2 Wind Farm 1 (OWF1),46,2,2015,4,8,21,17
Soderglen Wind  (GWW1),71,2,2015,4,8,21,17
Summerview 1 (IEW1),66,0,2015,4,8,21,17
Summerview 2 (IEW2),66,0,2015,4,8,21,17
Suncor Chin Chute (SCR3),30,2,2015,4,8,21,17
Suncor Magrath (SCR2),30,0,2015,4,8,21,17
Suncor Wintering Hills (SCR4),88,0,2015,4,8,21,17
Ardenville Wind (ARD1),68,0,2015,4,8,21,18
Blackspring Ridge (BSR1),300,20,2015,4,8,21,18
Blue Trail Wind (BTR1),66,0,2015,4,8,21,18
Castle River #1 (CR1),39,2,2015,4,8,21,18
Castle Rock Wind Farm (CRR1),77,2,2015,4,8,21,18
Cowley Ridge (CRW1),38,0,2015,4,8,21,18
Enmax Taber (TAB1),81,4,2015,4,8,21,18
Ghost Pine (NEP1),82,0,2015,4,8,21,18
Halkirk Wind Power Facility (HAL1),150,0,2015,4,8,21,18
Kettles Hill (KHW1),63,6,2015,4,8,21,18
McBride Lake Windfarm (AKE1),73,0,2015,4,8,21,18
Oldman 2 Wind Farm 1 (OWF1),46,1,2015,4,8,21,18
Soderglen Wind  (GWW1),71,2,2015,4,8,21,18
Summerview 1 (IEW1),66,0,2015,4,8,21,18
Summerview 2 (IEW2),66,0,2015,4,8,21,18
Suncor Chin Chute (SCR3),30,2,2015,4,8,21,18
Suncor Magrath (SCR2),30,0,2015,4,8,21,18
Suncor Wintering Hills (SCR4),88,0,2015,4,8,21,18
Ardenville Wind (ARD1),68,0,2015,4,8,21,19
Blackspring Ridge (BSR1),300,20,2015,4,8,21,19
Blue Trail Wind (BTR1),66,0,2015,4,8,21,19
Castle River #1 (CR1),39,2,2015,4,8,21,19
Castle Rock Wind Farm (CRR1),77,2,2015,4,8,21,19
Cowley Ridge (CRW1),38,0,2015,4,8,21,19
Enmax Taber (TAB1),81,4,2015,4,8,21,19
Ghost Pine (NEP1),82,0,2015,4,8,21,19
Halkirk Wind Power Facility (HAL1),150,0,2015,4,8,21,19
Kettles Hill (KHW1),63,6,2015,4,8,21,19
McBride Lake Windfarm (AKE1),73,0,2015,4,8,21,19
Oldman 2 Wind Farm 1 (OWF1),46,1,2015,4,8,21,19
Soderglen Wind  (GWW1),71,2,2015,4,8,21,19
Summerview 1 (IEW1),66,0,2015,4,8,21,19
Summerview 2 (IEW2),66,0,2015,4,8,21,19
Suncor Chin Chute (SCR3),30,2,2015,4,8,21,19
Suncor Magrath (SCR2),30,0,2015,4,8,21,19
Suncor Wintering Hills (SCR4),88,0,2015,4,8,21,19
Ardenville Wind (ARD1),68,0,2015,4,8,21,20
Blackspring Ridge (BSR1),300,20,2015,4,8,21,20
Blue Trail Wind (BTR1),66,0,2015,4,8,21,20
Castle River #1 (CR1),39,2,2015,4,8,21,20
Castle Rock Wind Farm (CRR1),77,2,2015,4,8,21,20
Cowley Ridge (CRW1),38,0,2015,4,8,21,20
Enmax Taber (TAB1),81,4,2015,4,8,21,20
Ghost Pine (NEP1),82,0,2015,4,8,21,20
Halkirk Wind Power Facility (HAL1),150,0,2015,4,8,21,20
Kettles Hill (KHW1),63,6,2015,4,8,21,20
McBride Lake Windfarm (AKE1),73,0,2015,4,8,21,20
Oldman 2 Wind Farm 1 (OWF1),46,1,2015,4,8,21,20
Soderglen Wind  (GWW1),71,2,2015,4,8,21,20
Summerview 1 (IEW1),66,0,2015,4,8,21,20
Summerview 2 (IEW2),66,0,2015,4,8,21,20
Suncor Chin Chute (SCR3),30,2,2015,4,8,21,20
Suncor Magrath (SCR2),30,0,2015,4,8,21,20
Suncor Wintering Hills (SCR4),88,0,2015,4,8,21,20
Ardenville Wind (ARD1),68,0,2015,4,8,21,21
Blackspring Ridge (BSR1),300,20,2015,4,8,21,21
Blue Trail Wind (BTR1),66,0,2015,4,8,21,21
Castle River #1 (CR1),39,2,2015,4,8,21,21
Castle Rock Wind Farm (CRR1),77,2,2015,4,8,21,21
Cowley Ridge (CRW1),38,0,2015,4,8,21,21
Enmax Taber (TAB1),81,4,2015,4,8,21,21
Ghost Pine (NEP1),82,0,2015,4,8,21,21
Halkirk Wind Power Facility (HAL1),150,0,2015,4,8,21,21
Kettles Hill (KHW1),63,6,2015,4,8,21,21
McBride Lake Windfarm (AKE1),73,0,2015,4,8,21,21
Oldman 2 Wind Farm 1 (OWF1),46,1,2015,4,8,21,21
Soderglen Wind  (GWW1),71,2,2015,4,8,21,21
Summerview 1 (IEW1),66,0,2015,4,8,21,21
Summerview 2 (IEW2),66,0,2015,4,8,21,21
Suncor Chin Chute (SCR3),30,2,2015,4,8,21,21
Suncor Magrath (SCR2),30,0,2015,4,8,21,21
Suncor Wintering Hills (SCR4),88,0,2015,4,8,21,21
Ardenville Wind (ARD1),68,0,2015,4,8,21,22
Blackspring Ridge (BSR1),300,21,2015,4,8,21,22
Blue Trail Wind (BTR1),66,0,2015,4,8,21,22
Castle River #1 (CR1),39,2,2015,4,8,21,22
Castle Rock Wind Farm (CRR1),77,2,2015,4,8,21,22
Cowley Ridge (CRW1),38,0,2015,4,8,21,22
Enmax Taber (TAB1),81,4,2015,4,8,21,22
Ghost Pine (NEP1),82,0,2015,4,8,21,22
Halkirk Wind Power Facility (HAL1),150,0,2015,4,8,21,22
Kettles Hill (KHW1),63,6,2015,4,8,21,22
McBride Lake Windfarm (AKE1),73,0,2015,4,8,21,22
Oldman 2 Wind Farm 1 (OWF1),46,1,2015,4,8,21,22
Soderglen Wind  (GWW1),71,2,2015,4,8,21,22
Summerview 1 (IEW1),66,0,2015,4,8,21,22
Summerview 2 (IEW2),66,0,2015,4,8,21,22
Suncor Chin Chute (SCR3),30,2,2015,4,8,21,22
Suncor Magrath (SCR2),30,0,2015,4,8,21,22
Suncor Wintering Hills (SCR4),88,0,2015,4,8,21,22
Ardenville Wind (ARD1),68,0,2015,4,8,21,23
Blackspring Ridge (BSR1),300,21,2015,4,8,21,23
Blue Trail Wind (BTR1),66,0,2015,4,8,21,23
Castle River #1 (CR1),39,2,2015,4,8,21,23
Castle Rock Wind Farm (CRR1),77,2,2015,4,8,21,23
Cowley Ridge (CRW1),38,0,2015,4,8,21,23
Enmax Taber (TAB1),81,5,2015,4,8,21,23
Ghost Pine (NEP1),82,0,2015,4,8,21,23
Halkirk Wind Power Facility (HAL1),150,0,2015,4,8,21,23
Kettles Hill (KHW1),63,6,2015,4,8,21,23
McBride Lake Windfarm (AKE1),73,0,2015,4,8,21,23
Oldman 2 Wind Farm 1 (OWF1),46,1,2015,4,8,21,23
Soderglen Wind  (GWW1),71,2,2015,4,8,21,23
Summerview 1 (IEW1),66,0,2015,4,8,21,23
Summerview 2 (IEW2),66,0,2015,4,8,21,23
Suncor Chin Chute (SCR3),30,2,2015,4,8,21,23
Suncor Magrath (SCR2),30,0,2015,4,8,21,23
Suncor Wintering Hills (SCR4),88,0,2015,4,8,21,23
Ardenville Wind (ARD1),68,0,2015,4,8,21,24
Blackspring Ridge (BSR1),300,21,2015,4,8,21,24
Blue Trail Wind (BTR1),66,0,2015,4,8,21,24
Castle River #1 (CR1),39,2,2015,4,8,21,24
Castle Rock Wind Farm (CRR1),77,2,2015,4,8,21,24
Cowley Ridge (CRW1),38,0,2015,4,8,21,24
Enmax Taber (TAB1),81,5,2015,4,8,21,24
Ghost Pine (NEP1),82,0,2015,4,8,21,24
Halkirk Wind Power Facility (HAL1),150,0,2015,4,8,21,24
Kettles Hill (KHW1),63,6,2015,4,8,21,24
McBride Lake Windfarm (AKE1),73,0,2015,4,8,21,24
Oldman 2 Wind Farm 1 (OWF1),46,1,2015,4,8,21,24
Soderglen Wind  (GWW1),71,2,2015,4,8,21,24
Summerview 1 (IEW1),66,0,2015,4,8,21,24
Summerview 2 (IEW2),66,0,2015,4,8,21,24
Suncor Chin Chute (SCR3),30,2,2015,4,8,21,24
Suncor Magrath (SCR2),30,0,2015,4,8,21,24
Suncor Wintering Hills (SCR4),88,0,2015,4,8,21,24
Ardenville Wind (ARD1),68,0,2015,4,8,21,25
Blackspring Ridge (BSR1),300,21,2015,4,8,21,25
Blue Trail Wind (BTR1),66,0,2015,4,8,21,25
Castle River #1 (CR1),39,0,2015,4,8,21,25
Castle Rock Wind Farm (CRR1),77,2,2015,4,8,21,25
Cowley Ridge (CRW1),38,0,2015,4,8,21,25
Enmax Taber (TAB1),81,5,2015,4,8,21,25
Ghost Pine (NEP1),82,0,2015,4,8,21,25
Halkirk Wind Power Facility (HAL1),150,0,2015,4,8,21,25
Kettles Hill (KHW1),63,7,2015,4,8,21,25
McBride Lake Windfarm (AKE1),73,0,2015,4,8,21,25
Oldman 2 Wind Farm 1 (OWF1),46,1,2015,4,8,21,25
Soderglen Wind  (GWW1),71,2,2015,4,8,21,25
Summerview 1 (IEW1),66,0,2015,4,8,21,25
Summerview 2 (IEW2),66,0,2015,4,8,21,25
Suncor Chin Chute (SCR3),30,2,2015,4,8,21,25
Suncor Magrath (SCR2),30,0,2015,4,8,21,25
Suncor Wintering Hills (SCR4),88,0,2015,4,8,21,25
Ardenville Wind (ARD1),68,0,2015,4,8,21,26
Blackspring Ridge (BSR1),300,22,2015,4,8,21,26
Blue Trail Wind (BTR1),66,0,2015,4,8,21,26
Castle River #1 (CR1),39,0,2015,4,8,21,26
Castle Rock Wind Farm (CRR1),77,2,2015,4,8,21,26
Cowley Ridge (CRW1),38,0,2015,4,8,21,26
Enmax Taber (TAB1),81,5,2015,4,8,21,26
Ghost Pine (NEP1),82,0,2015,4,8,21,26
Halkirk Wind Power Facility (HAL1),150,0,2015,4,8,21,26
Kettles Hill (KHW1),63,7,2015,4,8,21,26
McBride Lake Windfarm (AKE1),73,0,2015,4,8,21,26
Oldman 2 Wind Farm 1 (OWF1),46,1,2015,4,8,21,26
Soderglen Wind  (GWW1),71,2,2015,4,8,21,26
Summerview 1 (IEW1),66,0,2015,4,8,21,26
Summerview 2 (IEW2),66,0,2015,4,8,21,26
Suncor Chin Chute (SCR3),30,2,2015,4,8,21,26
Suncor Magrath (SCR2),30,0,2015,4,8,21,26
Suncor Wintering Hills (SCR4),88,0,2015,4,8,21,26
Ardenville Wind (ARD1),68,0,2015,4,8,21,27
Blackspring Ridge (BSR1),300,22,2015,4,8,21,27
Blue Trail Wind (BTR1),66,0,2015,4,8,21,27
Castle River #1 (CR1),39,0,2015,4,8,21,27
Castle Rock Wind Farm (CRR1),77,2,2015,4,8,21,27
Cowley Ridge (CRW1),38,0,2015,4,8,21,27
Enmax Taber (TAB1),81,5,2015,4,8,21,27
Ghost Pine (NEP1),82,0,2015,4,8,21,27
Halkirk Wind Power Facility (HAL1),150,0,2015,4,8,21,27
Kettles Hill (KHW1),63,7,2015,4,8,21,27
McBride Lake Windfarm (AKE1),73,0,2015,4,8,21,27
Oldman 2 Wind Farm 1 (OWF1),46,1,2015,4,8,21,27
Soderglen Wind  (GWW1),71,2,2015,4,8,21,27
Summerview 1 (IEW1),66,0,2015,4,8,21,27
Summerview 2 (IEW2),66,0,2015,4,8,21,27
Suncor Chin Chute (SCR3),30,2,2015,4,8,21,27
Suncor Magrath (SCR2),30,0,2015,4,8,21,27
Suncor Wintering Hills (SCR4),88,0,2015,4,8,21,27
Ardenville Wind (ARD1),68,0,2015,4,8,21,28
Blackspring Ridge (BSR1),300,22,2015,4,8,21,28
Blue Trail Wind (BTR1),66,0,2015,4,8,21,28
Castle River #1 (CR1),39,0,2015,4,8,21,28
Castle Rock Wind Farm (CRR1),77,2,2015,4,8,21,28
Cowley Ridge (CRW1),38,0,2015,4,8,21,28
Enmax Taber (TAB1),81,5,2015,4,8,21,28
Ghost Pine (NEP1),82,0,2015,4,8,21,28
Halkirk Wind Power Facility (HAL1),150,0,2015,4,8,21,28
Kettles Hill (KHW1),63,7,2015,4,8,21,28
McBride Lake Windfarm (AKE1),73,0,2015,4,8,21,28
Oldman 2 Wind Farm 1 (OWF1),46,1,2015,4,8,21,28
Soderglen Wind  (GWW1),71,3,2015,4,8,21,28
Summerview 1 (IEW1),66,0,2015,4,8,21,28
Summerview 2 (IEW2),66,0,2015,4,8,21,28
Suncor Chin Chute (SCR3),30,2,2015,4,8,21,28
Suncor Magrath (SCR2),30,0,2015,4,8,21,28
Suncor Wintering Hills (SCR4),88,0,2015,4,8,21,28
Ardenville Wind (ARD1),68,0,2015,4,8,21,29
Blackspring Ridge (BSR1),300,22,2015,4,8,21,29
Blue Trail Wind (BTR1),66,0,2015,4,8,21,29
Castle River #1 (CR1),39,0,2015,4,8,21,29
Castle Rock Wind Farm (CRR1),77,2,2015,4,8,21,29
Cowley Ridge (CRW1),38,0,2015,4,8,21,29
Enmax Taber (TAB1),81,5,2015,4,8,21,29
Ghost Pine (NEP1),82,0,2015,4,8,21,29
Halkirk Wind Power Facility (HAL1),150,0,2015,4,8,21,29
Kettles Hill (KHW1),63,7,2015,4,8,21,29
McBride Lake Windfarm (AKE1),73,0,2015,4,8,21,29
Oldman 2 Wind Farm 1 (OWF1),46,1,2015,4,8,21,29
Soderglen Wind  (GWW1),71,3,2015,4,8,21,29
Summerview 1 (IEW1),66,0,2015,4,8,21,29
Summerview 2 (IEW2),66,0,2015,4,8,21,29
Suncor Chin Chute (SCR3),30,2,2015,4,8,21,29
Suncor Magrath (SCR2),30,0,2015,4,8,21,29
Suncor Wintering Hills (SCR4),88,0,2015,4,8,21,29
Ardenville Wind (ARD1),68,0,2015,4,8,21,30
Blackspring Ridge (BSR1),300,23,2015,4,8,21,30
Blue Trail Wind (BTR1),66,0,2015,4,8,21,30
Castle River #1 (CR1),39,0,2015,4,8,21,30
Castle Rock Wind Farm (CRR1),77,2,2015,4,8,21,30
Cowley Ridge (CRW1),38,0,2015,4,8,21,30
Enmax Taber (TAB1),81,5,2015,4,8,21,30
Ghost Pine (NEP1),82,0,2015,4,8,21,30
Halkirk Wind Power Facility (HAL1),150,0,2015,4,8,21,30
Kettles Hill (KHW1),63,6,2015,4,8,21,30
McBride Lake Windfarm (AKE1),73,0,2015,4,8,21,30
Oldman 2 Wind Farm 1 (OWF1),46,1,2015,4,8,21,30
Soderglen Wind  (GWW1),71,3,2015,4,8,21,30
Summerview 1 (IEW1),66,0,2015,4,8,21,30
Summerview 2 (IEW2),66,0,2015,4,8,21,30
Suncor Chin Chute (SCR3),30,2,2015,4,8,21,30
Suncor Magrath (SCR2),30,0,2015,4,8,21,30
Suncor Wintering Hills (SCR4),88,0,2015,4,8,21,30
Ardenville Wind (ARD1),68,0,2015,4,8,21,31
Blackspring Ridge (BSR1),300,23,2015,4,8,21,31
Blue Trail Wind (BTR1),66,0,2015,4,8,21,31
Castle River #1 (CR1),39,0,2015,4,8,21,31
Castle Rock Wind Farm (CRR1),77,2,2015,4,8,21,31
Cowley Ridge (CRW1),38,0,2015,4,8,21,31
Enmax Taber (TAB1),81,5,2015,4,8,21,31
Ghost Pine (NEP1),82,0,2015,4,8,21,31
Halkirk Wind Power Facility (HAL1),150,0,2015,4,8,21,31
Kettles Hill (KHW1),63,6,2015,4,8,21,31
McBride Lake Windfarm (AKE1),73,0,2015,4,8,21,31
Oldman 2 Wind Farm 1 (OWF1),46,1,2015,4,8,21,31
Soderglen Wind  (GWW1),71,3,2015,4,8,21,31
Summerview 1 (IEW1),66,0,2015,4,8,21,31
Summerview 2 (IEW2),66,0,2015,4,8,21,31
Suncor Chin Chute (SCR3),30,2,2015,4,8,21,31
Suncor Magrath (SCR2),30,0,2015,4,8,21,31
Suncor Wintering Hills (SCR4),88,0,2015,4,8,21,31
Ardenville Wind (ARD1),68,0,2015,4,8,21,32
Blackspring Ridge (BSR1),300,23,2015,4,8,21,32
Blue Trail Wind (BTR1),66,0,2015,4,8,21,32
Castle River #1 (CR1),39,0,2015,4,8,21,32
Castle Rock Wind Farm (CRR1),77,2,2015,4,8,21,32
Cowley Ridge (CRW1),38,0,2015,4,8,21,32
Enmax Taber (TAB1),81,5,2015,4,8,21,32
Ghost Pine (NEP1),82,0,2015,4,8,21,32
Halkirk Wind Power Facility (HAL1),150,0,2015,4,8,21,32
Kettles Hill (KHW1),63,6,2015,4,8,21,32
McBride Lake Windfarm (AKE1),73,0,2015,4,8,21,32
Oldman 2 Wind Farm 1 (OWF1),46,1,2015,4,8,21,32
Soderglen Wind  (GWW1),71,3,2015,4,8,21,32
Summerview 1 (IEW1),66,0,2015,4,8,21,32
Summerview 2 (IEW2),66,0,2015,4,8,21,32
Suncor Chin Chute (SCR3),30,2,2015,4,8,21,32
Suncor Magrath (SCR2),30,0,2015,4,8,21,32
Suncor Wintering Hills (SCR4),88,0,2015,4,8,21,32
Ardenville Wind (ARD1),68,0,2015,4,8,21,33
Blackspring Ridge (BSR1),300,23,2015,4,8,21,33
Blue Trail Wind (BTR1),66,0,2015,4,8,21,33
Castle River #1 (CR1),39,0,2015,4,8,21,33
Castle Rock Wind Farm (CRR1),77,2,2015,4,8,21,33
Cowley Ridge (CRW1),38,0,2015,4,8,21,33
Enmax Taber (TAB1),81,6,2015,4,8,21,33
Ghost Pine (NEP1),82,0,2015,4,8,21,33
Halkirk Wind Power Facility (HAL1),150,0,2015,4,8,21,33
Kettles Hill (KHW1),63,6,2015,4,8,21,33
McBride Lake Windfarm (AKE1),73,0,2015,4,8,21,33
Oldman 2 Wind Farm 1 (OWF1),46,1,2015,4,8,21,33
Soderglen Wind  (GWW1),71,3,2015,4,8,21,33
Summerview 1 (IEW1),66,0,2015,4,8,21,33
Summerview 2 (IEW2),66,0,2015,4,8,21,33
Suncor Chin Chute (SCR3),30,2,2015,4,8,21,33
Suncor Magrath (SCR2),30,0,2015,4,8,21,33
Suncor Wintering Hills (SCR4),88,0,2015,4,8,21,33
Ardenville Wind (ARD1),68,0,2015,4,8,21,34
Blackspring Ridge (BSR1),300,23,2015,4,8,21,34
Blue Trail Wind (BTR1),66,0,2015,4,8,21,34
Castle River #1 (CR1),39,0,2015,4,8,21,34
Castle Rock Wind Farm (CRR1),77,2,2015,4,8,21,34
Cowley Ridge (CRW1),38,0,2015,4,8,21,34
Enmax Taber (TAB1),81,6,2015,4,8,21,34
Ghost Pine (NEP1),82,0,2015,4,8,21,34
Halkirk Wind Power Facility (HAL1),150,0,2015,4,8,21,34
Kettles Hill (KHW1),63,6,2015,4,8,21,34
McBride Lake Windfarm (AKE1),73,0,2015,4,8,21,34
Oldman 2 Wind Farm 1 (OWF1),46,1,2015,4,8,21,34
Soderglen Wind  (GWW1),71,3,2015,4,8,21,34
Summerview 1 (IEW1),66,0,2015,4,8,21,34
Summerview 2 (IEW2),66,0,2015,4,8,21,34
Suncor Chin Chute (SCR3),30,2,2015,4,8,21,34
Suncor Magrath (SCR2),30,0,2015,4,8,21,34
Suncor Wintering Hills (SCR4),88,0,2015,4,8,21,34
Ardenville Wind (ARD1),68,0,2015,4,8,21,35
Blackspring Ridge (BSR1),300,23,2015,4,8,21,35
Blue Trail Wind (BTR1),66,0,2015,4,8,21,35
Castle River #1 (CR1),39,0,2015,4,8,21,35
Castle Rock Wind Farm (CRR1),77,2,2015,4,8,21,35
Cowley Ridge (CRW1),38,0,2015,4,8,21,35
Enmax Taber (TAB1),81,6,2015,4,8,21,35
Ghost Pine (NEP1),82,0,2015,4,8,21,35
Halkirk Wind Power Facility (HAL1),150,0,2015,4,8,21,35
Kettles Hill (KHW1),63,6,2015,4,8,21,35
McBride Lake Windfarm (AKE1),73,0,2015,4,8,21,35
Oldman 2 Wind Farm 1 (OWF1),46,1,2015,4,8,21,35
Soderglen Wind  (GWW1),71,3,2015,4,8,21,35
Summerview 1 (IEW1),66,0,2015,4,8,21,35
Summerview 2 (IEW2),66,0,2015,4,8,21,35
Suncor Chin Chute (SCR3),30,2,2015,4,8,21,35
Suncor Magrath (SCR2),30,0,2015,4,8,21,35
Suncor Wintering Hills (SCR4),88,0,2015,4,8,21,35
Ardenville Wind (ARD1),68,0,2015,4,8,21,36
Blackspring Ridge (BSR1),300,24,2015,4,8,21,36
Blue Trail Wind (BTR1),66,0,2015,4,8,21,36
Castle River #1 (CR1),39,0,2015,4,8,21,36
Castle Rock Wind Farm (CRR1),77,2,2015,4,8,21,36
Cowley Ridge (CRW1),38,0,2015,4,8,21,36
Enmax Taber (TAB1),81,6,2015,4,8,21,36
Ghost Pine (NEP1),82,0,2015,4,8,21,36
Halkirk Wind Power Facility (HAL1),150,0,2015,4,8,21,36
Kettles Hill (KHW1),63,6,2015,4,8,21,36
McBride Lake Windfarm (AKE1),73,0,2015,4,8,21,36
Oldman 2 Wind Farm 1 (OWF1),46,1,2015,4,8,21,36
Soderglen Wind  (GWW1),71,3,2015,4,8,21,36
Summerview 1 (IEW1),66,0,2015,4,8,21,36
Summerview 2 (IEW2),66,0,2015,4,8,21,36
Suncor Chin Chute (SCR3),30,2,2015,4,8,21,36
Suncor Magrath (SCR2),30,0,2015,4,8,21,36
Suncor Wintering Hills (SCR4),88,0,2015,4,8,21,36
Ardenville Wind (ARD1),68,0,2015,4,8,21,37
Blackspring Ridge (BSR1),300,24,2015,4,8,21,37
Blue Trail Wind (BTR1),66,0,2015,4,8,21,37
Castle River #1 (CR1),39,0,2015,4,8,21,37
Castle Rock Wind Farm (CRR1),77,2,2015,4,8,21,37
Cowley Ridge (CRW1),38,0,2015,4,8,21,37
Enmax Taber (TAB1),81,6,2015,4,8,21,37
Ghost Pine (NEP1),82,0,2015,4,8,21,37
Halkirk Wind Power Facility (HAL1),150,0,2015,4,8,21,37
Kettles Hill (KHW1),63,6,2015,4,8,21,37
McBride Lake Windfarm (AKE1),73,0,2015,4,8,21,37
Oldman 2 Wind Farm 1 (OWF1),46,1,2015,4,8,21,37
Soderglen Wind  (GWW1),71,4,2015,4,8,21,37
Summerview 1 (IEW1),66,0,2015,4,8,21,37
Summerview 2 (IEW2),66,0,2015,4,8,21,37
Suncor Chin Chute (SCR3),30,2,2015,4,8,21,37
Suncor Magrath (SCR2),30,0,2015,4,8,21,37
Suncor Wintering Hills (SCR4),88,0,2015,4,8,21,37
Ardenville Wind (ARD1),68,0,2015,4,8,21,38
Blackspring Ridge (BSR1),300,24,2015,4,8,21,38
Blue Trail Wind (BTR1),66,0,2015,4,8,21,38
Castle River #1 (CR1),39,0,2015,4,8,21,38
Castle Rock Wind Farm (CRR1),77,2,2015,4,8,21,38
Cowley Ridge (CRW1),38,0,2015,4,8,21,38
Enmax Taber (TAB1),81,6,2015,4,8,21,38
Ghost Pine (NEP1),82,0,2015,4,8,21,38
Halkirk Wind Power Facility (HAL1),150,0,2015,4,8,21,38
Kettles Hill (KHW1),63,6,2015,4,8,21,38
McBride Lake Windfarm (AKE1),73,0,2015,4,8,21,38
Oldman 2 Wind Farm 1 (OWF1),46,1,2015,4,8,21,38
Soderglen Wind  (GWW1),71,4,2015,4,8,21,38
Summerview 1 (IEW1),66,0,2015,4,8,21,38
Summerview 2 (IEW2),66,0,2015,4,8,21,38
Suncor Chin Chute (SCR3),30,2,2015,4,8,21,38
Suncor Magrath (SCR2),30,0,2015,4,8,21,38
Suncor Wintering Hills (SCR4),88,0,2015,4,8,21,38
Ardenville Wind (ARD1),68,0,2015,4,8,21,39
Blackspring Ridge (BSR1),300,24,2015,4,8,21,39
Blue Trail Wind (BTR1),66,0,2015,4,8,21,39
Castle River #1 (CR1),39,0,2015,4,8,21,39
Castle Rock Wind Farm (CRR1),77,2,2015,4,8,21,39
Cowley Ridge (CRW1),38,0,2015,4,8,21,39
Enmax Taber (TAB1),81,7,2015,4,8,21,39
Ghost Pine (NEP1),82,0,2015,4,8,21,39
Halkirk Wind Power Facility (HAL1),150,0,2015,4,8,21,39
Kettles Hill (KHW1),63,6,2015,4,8,21,39
McBride Lake Windfarm (AKE1),73,0,2015,4,8,21,39
Oldman 2 Wind Farm 1 (OWF1),46,1,2015,4,8,21,39
Soderglen Wind  (GWW1),71,4,2015,4,8,21,39
Summerview 1 (IEW1),66,0,2015,4,8,21,39
Summerview 2 (IEW2),66,0,2015,4,8,21,39
Suncor Chin Chute (SCR3),30,2,2015,4,8,21,39
Suncor Magrath (SCR2),30,0,2015,4,8,21,39
Suncor Wintering Hills (SCR4),88,0,2015,4,8,21,39
Ardenville Wind (ARD1),68,0,2015,4,8,21,40
Blackspring Ridge (BSR1),300,23,2015,4,8,21,40
Blue Trail Wind (BTR1),66,0,2015,4,8,21,40
Castle River #1 (CR1),39,0,2015,4,8,21,40
Castle Rock Wind Farm (CRR1),77,2,2015,4,8,21,40
Cowley Ridge (CRW1),38,0,2015,4,8,21,40
Enmax Taber (TAB1),81,7,2015,4,8,21,40
Ghost Pine (NEP1),82,0,2015,4,8,21,40
Halkirk Wind Power Facility (HAL1),150,0,2015,4,8,21,40
Kettles Hill (KHW1),63,6,2015,4,8,21,40
McBride Lake Windfarm (AKE1),73,0,2015,4,8,21,40
Oldman 2 Wind Farm 1 (OWF1),46,1,2015,4,8,21,40
Soderglen Wind  (GWW1),71,4,2015,4,8,21,40
Summerview 1 (IEW1),66,0,2015,4,8,21,40
Summerview 2 (IEW2),66,0,2015,4,8,21,40
Suncor Chin Chute (SCR3),30,2,2015,4,8,21,40
Suncor Magrath (SCR2),30,0,2015,4,8,21,40
Suncor Wintering Hills (SCR4),88,0,2015,4,8,21,40
Ardenville Wind (ARD1),68,0,2015,4,8,21,41
Blackspring Ridge (BSR1),300,23,2015,4,8,21,41
Blue Trail Wind (BTR1),66,0,2015,4,8,21,41
Castle River #1 (CR1),39,0,2015,4,8,21,41
Castle Rock Wind Farm (CRR1),77,2,2015,4,8,21,41
Cowley Ridge (CRW1),38,0,2015,4,8,21,41
Enmax Taber (TAB1),81,7,2015,4,8,21,41
Ghost Pine (NEP1),82,0,2015,4,8,21,41
Halkirk Wind Power Facility (HAL1),150,0,2015,4,8,21,41
Kettles Hill (KHW1),63,6,2015,4,8,21,41
McBride Lake Windfarm (AKE1),73,0,2015,4,8,21,41
Oldman 2 Wind Farm 1 (OWF1),46,1,2015,4,8,21,41
Soderglen Wind  (GWW1),71,4,2015,4,8,21,41
Summerview 1 (IEW1),66,0,2015,4,8,21,41
Summerview 2 (IEW2),66,0,2015,4,8,21,41
Suncor Chin Chute (SCR3),30,2,2015,4,8,21,41
Suncor Magrath (SCR2),30,0,2015,4,8,21,41
Suncor Wintering Hills (SCR4),88,0,2015,4,8,21,41
Ardenville Wind (ARD1),68,0,2015,4,8,21,42
Blackspring Ridge (BSR1),300,23,2015,4,8,21,42
Blue Trail Wind (BTR1),66,0,2015,4,8,21,42
Castle River #1 (CR1),39,0,2015,4,8,21,42
Castle Rock Wind Farm (CRR1),77,2,2015,4,8,21,42
Cowley Ridge (CRW1),38,0,2015,4,8,21,42
Enmax Taber (TAB1),81,7,2015,4,8,21,42
Ghost Pine (NEP1),82,0,2015,4,8,21,42
Halkirk Wind Power Facility (HAL1),150,0,2015,4,8,21,42
Kettles Hill (KHW1),63,6,2015,4,8,21,42
McBride Lake Windfarm (AKE1),73,0,2015,4,8,21,42
Oldman 2 Wind Farm 1 (OWF1),46,1,2015,4,8,21,42
Soderglen Wind  (GWW1),71,4,2015,4,8,21,42
Summerview 1 (IEW1),66,0,2015,4,8,21,42
Summerview 2 (IEW2),66,0,2015,4,8,21,42
Suncor Chin Chute (SCR3),30,2,2015,4,8,21,42
Suncor Magrath (SCR2),30,0,2015,4,8,21,42
Suncor Wintering Hills (SCR4),88,0,2015,4,8,21,42
Ardenville Wind (ARD1),68,0,2015,4,8,21,43
Blackspring Ridge (BSR1),300,23,2015,4,8,21,43
Blue Trail Wind (BTR1),66,0,2015,4,8,21,43
Castle River #1 (CR1),39,0,2015,4,8,21,43
Castle Rock Wind Farm (CRR1),77,2,2015,4,8,21,43
Cowley Ridge (CRW1),38,0,2015,4,8,21,43
Enmax Taber (TAB1),81,7,2015,4,8,21,43
Ghost Pine (NEP1),82,0,2015,4,8,21,43
Halkirk Wind Power Facility (HAL1),150,0,2015,4,8,21,43
Kettles Hill (KHW1),63,6,2015,4,8,21,43
McBride Lake Windfarm (AKE1),73,0,2015,4,8,21,43
Oldman 2 Wind Farm 1 (OWF1),46,1,2015,4,8,21,43
Soderglen Wind  (GWW1),71,4,2015,4,8,21,43
Summerview 1 (IEW1),66,0,2015,4,8,21,43
Summerview 2 (IEW2),66,0,2015,4,8,21,43
Suncor Chin Chute (SCR3),30,2,2015,4,8,21,43
Suncor Magrath (SCR2),30,0,2015,4,8,21,43
Suncor Wintering Hills (SCR4),88,0,2015,4,8,21,43
Ardenville Wind (ARD1),68,0,2015,4,8,21,44
Blackspring Ridge (BSR1),300,23,2015,4,8,21,44
Blue Trail Wind (BTR1),66,0,2015,4,8,21,44
Castle River #1 (CR1),39,0,2015,4,8,21,44
Castle Rock Wind Farm (CRR1),77,2,2015,4,8,21,44
Cowley Ridge (CRW1),38,0,2015,4,8,21,44
Enmax Taber (TAB1),81,7,2015,4,8,21,44
Ghost Pine (NEP1),82,0,2015,4,8,21,44
Halkirk Wind Power Facility (HAL1),150,0,2015,4,8,21,44
Kettles Hill (KHW1),63,6,2015,4,8,21,44
McBride Lake Windfarm (AKE1),73,0,2015,4,8,21,44
Oldman 2 Wind Farm 1 (OWF1),46,0,2015,4,8,21,44
Soderglen Wind  (GWW1),71,4,2015,4,8,21,44
Summerview 1 (IEW1),66,0,2015,4,8,21,44
Summerview 2 (IEW2),66,0,2015,4,8,21,44
Suncor Chin Chute (SCR3),30,2,2015,4,8,21,44
Suncor Magrath (SCR2),30,0,2015,4,8,21,44
Suncor Wintering Hills (SCR4),88,0,2015,4,8,21,44
Ardenville Wind (ARD1),68,0,2015,4,8,21,45
Blackspring Ridge (BSR1),300,23,2015,4,8,21,45
Blue Trail Wind (BTR1),66,0,2015,4,8,21,45
Castle River #1 (CR1),39,0,2015,4,8,21,45
Castle Rock Wind Farm (CRR1),77,2,2015,4,8,21,45
Cowley Ridge (CRW1),38,0,2015,4,8,21,45
Enmax Taber (TAB1),81,7,2015,4,8,21,45
Ghost Pine (NEP1),82,0,2015,4,8,21,45
Halkirk Wind Power Facility (HAL1),150,0,2015,4,8,21,45
Kettles Hill (KHW1),63,6,2015,4,8,21,45
McBride Lake Windfarm (AKE1),73,0,2015,4,8,21,45
Oldman 2 Wind Farm 1 (OWF1),46,0,2015,4,8,21,45
Soderglen Wind  (GWW1),71,4,2015,4,8,21,45
Summerview 1 (IEW1),66,0,2015,4,8,21,45
Summerview 2 (IEW2),66,0,2015,4,8,21,45
Suncor Chin Chute (SCR3),30,2,2015,4,8,21,45
Suncor Magrath (SCR2),30,0,2015,4,8,21,45
Suncor Wintering Hills (SCR4),88,0,2015,4,8,21,45
Ardenville Wind (ARD1),68,0,2015,4,8,21,46
Blackspring Ridge (BSR1),300,22,2015,4,8,21,46
Blue Trail Wind (BTR1),66,0,2015,4,8,21,46
Castle River #1 (CR1),39,0,2015,4,8,21,46
Castle Rock Wind Farm (CRR1),77,2,2015,4,8,21,46
Cowley Ridge (CRW1),38,0,2015,4,8,21,46
Enmax Taber (TAB1),81,7,2015,4,8,21,46
Ghost Pine (NEP1),82,0,2015,4,8,21,46
Halkirk Wind Power Facility (HAL1),150,0,2015,4,8,21,46
Kettles Hill (KHW1),63,3,2015,4,8,21,46
McBride Lake Windfarm (AKE1),73,0,2015,4,8,21,46
Oldman 2 Wind Farm 1 (OWF1),46,0,2015,4,8,21,46
Soderglen Wind  (GWW1),71,4,2015,4,8,21,46
Summerview 1 (IEW1),66,0,2015,4,8,21,46
Summerview 2 (IEW2),66,0,2015,4,8,21,46
Suncor Chin Chute (SCR3),30,2,2015,4,8,21,46
Suncor Magrath (SCR2),30,0,2015,4,8,21,46
Suncor Wintering Hills (SCR4),88,0,2015,4,8,21,46
Ardenville Wind (ARD1),68,0,2015,4,8,21,47
Blackspring Ridge (BSR1),300,22,2015,4,8,21,47
Blue Trail Wind (BTR1),66,0,2015,4,8,21,47
Castle River #1 (CR1),39,0,2015,4,8,21,47
Castle Rock Wind Farm (CRR1),77,2,2015,4,8,21,47
Cowley Ridge (CRW1),38,0,2015,4,8,21,47
Enmax Taber (TAB1),81,7,2015,4,8,21,47
Ghost Pine (NEP1),82,0,2015,4,8,21,47
Halkirk Wind Power Facility (HAL1),150,0,2015,4,8,21,47
Kettles Hill (KHW1),63,3,2015,4,8,21,47
McBride Lake Windfarm (AKE1),73,0,2015,4,8,21,47
Oldman 2 Wind Farm 1 (OWF1),46,0,2015,4,8,21,47
Soderglen Wind  (GWW1),71,4,2015,4,8,21,47
Summerview 1 (IEW1),66,0,2015,4,8,21,47
Summerview 2 (IEW2),66,0,2015,4,8,21,47
Suncor Chin Chute (SCR3),30,2,2015,4,8,21,47
Suncor Magrath (SCR2),30,0,2015,4,8,21,47
Suncor Wintering Hills (SCR4),88,0,2015,4,8,21,47
Ardenville Wind (ARD1),68,0,2015,4,8,21,48
Blackspring Ridge (BSR1),300,22,2015,4,8,21,48
Blue Trail Wind (BTR1),66,0,2015,4,8,21,48
Castle River #1 (CR1),39,0,2015,4,8,21,48
Castle Rock Wind Farm (CRR1),77,2,2015,4,8,21,48
Cowley Ridge (CRW1),38,0,2015,4,8,21,48
Enmax Taber (TAB1),81,7,2015,4,8,21,48
Ghost Pine (NEP1),82,0,2015,4,8,21,48
Halkirk Wind Power Facility (HAL1),150,0,2015,4,8,21,48
Kettles Hill (KHW1),63,4,2015,4,8,21,48
McBride Lake Windfarm (AKE1),73,0,2015,4,8,21,48
Oldman 2 Wind Farm 1 (OWF1),46,0,2015,4,8,21,48
Soderglen Wind  (GWW1),71,4,2015,4,8,21,48
Summerview 1 (IEW1),66,0,2015,4,8,21,48
Summerview 2 (IEW2),66,0,2015,4,8,21,48
Suncor Chin Chute (SCR3),30,2,2015,4,8,21,48
Suncor Magrath (SCR2),30,0,2015,4,8,21,48
Suncor Wintering Hills (SCR4),88,0,2015,4,8,21,48
Ardenville Wind (ARD1),68,0,2015,4,8,21,49
Blackspring Ridge (BSR1),300,21,2015,4,8,21,49
Blue Trail Wind (BTR1),66,0,2015,4,8,21,49
Castle River #1 (CR1),39,0,2015,4,8,21,49
Castle Rock Wind Farm (CRR1),77,1,2015,4,8,21,49
Cowley Ridge (CRW1),38,0,2015,4,8,21,49
Enmax Taber (TAB1),81,7,2015,4,8,21,49
Ghost Pine (NEP1),82,1,2015,4,8,21,49
Halkirk Wind Power Facility (HAL1),150,0,2015,4,8,21,49
Kettles Hill (KHW1),63,4,2015,4,8,21,49
McBride Lake Windfarm (AKE1),73,0,2015,4,8,21,49
Oldman 2 Wind Farm 1 (OWF1),46,0,2015,4,8,21,49
Soderglen Wind  (GWW1),71,4,2015,4,8,21,49
Summerview 1 (IEW1),66,0,2015,4,8,21,49
Summerview 2 (IEW2),66,0,2015,4,8,21,49
Suncor Chin Chute (SCR3),30,2,2015,4,8,21,49
Suncor Magrath (SCR2),30,0,2015,4,8,21,49
Suncor Wintering Hills (SCR4),88,0,2015,4,8,21,49
Ardenville Wind (ARD1),68,0,2015,4,8,21,50
Blackspring Ridge (BSR1),300,22,2015,4,8,21,50
Blue Trail Wind (BTR1),66,0,2015,4,8,21,50
Castle River #1 (CR1),39,0,2015,4,8,21,50
Castle Rock Wind Farm (CRR1),77,1,2015,4,8,21,50
Cowley Ridge (CRW1),38,0,2015,4,8,21,50
Enmax Taber (TAB1),81,7,2015,4,8,21,50
Ghost Pine (NEP1),82,2,2015,4,8,21,50
Halkirk Wind Power Facility (HAL1),150,0,2015,4,8,21,50
Kettles Hill (KHW1),63,4,2015,4,8,21,50
McBride Lake Windfarm (AKE1),73,0,2015,4,8,21,50
Oldman 2 Wind Farm 1 (OWF1),46,0,2015,4,8,21,50
Soderglen Wind  (GWW1),71,4,2015,4,8,21,50
Summerview 1 (IEW1),66,0,2015,4,8,21,50
Summerview 2 (IEW2),66,0,2015,4,8,21,50
Suncor Chin Chute (SCR3),30,2,2015,4,8,21,50
Suncor Magrath (SCR2),30,0,2015,4,8,21,50
Suncor Wintering Hills (SCR4),88,0,2015,4,8,21,50
Ardenville Wind (ARD1),68,0,2015,4,8,21,51
Blackspring Ridge (BSR1),300,22,2015,4,8,21,51
Blue Trail Wind (BTR1),66,0,2015,4,8,21,51
Castle River #1 (CR1),39,0,2015,4,8,21,51
Castle Rock Wind Farm (CRR1),77,1,2015,4,8,21,51
Cowley Ridge (CRW1),38,0,2015,4,8,21,51
Enmax Taber (TAB1),81,7,2015,4,8,21,51
Ghost Pine (NEP1),82,2,2015,4,8,21,51
Halkirk Wind Power Facility (HAL1),150,0,2015,4,8,21,51
Kettles Hill (KHW1),63,4,2015,4,8,21,51
McBride Lake Windfarm (AKE1),73,0,2015,4,8,21,51
Oldman 2 Wind Farm 1 (OWF1),46,0,2015,4,8,21,51
Soderglen Wind  (GWW1),71,4,2015,4,8,21,51
Summerview 1 (IEW1),66,0,2015,4,8,21,51
Summerview 2 (IEW2),66,0,2015,4,8,21,51
Suncor Chin Chute (SCR3),30,2,2015,4,8,21,51
Suncor Magrath (SCR2),30,0,2015,4,8,21,51
Suncor Wintering Hills (SCR4),88,0,2015,4,8,21,51
Ardenville Wind (ARD1),68,0,2015,4,8,21,52
Blackspring Ridge (BSR1),300,21,2015,4,8,21,52
Blue Trail Wind (BTR1),66,0,2015,4,8,21,52
Castle River #1 (CR1),39,0,2015,4,8,21,52
Castle Rock Wind Farm (CRR1),77,1,2015,4,8,21,52
Cowley Ridge (CRW1),38,0,2015,4,8,21,52
Enmax Taber (TAB1),81,7,2015,4,8,21,52
Ghost Pine (NEP1),82,2,2015,4,8,21,52
Halkirk Wind Power Facility (HAL1),150,0,2015,4,8,21,52
Kettles Hill (KHW1),63,4,2015,4,8,21,52
McBride Lake Windfarm (AKE1),73,0,2015,4,8,21,52
Oldman 2 Wind Farm 1 (OWF1),46,0,2015,4,8,21,52
Soderglen Wind  (GWW1),71,4,2015,4,8,21,52
Summerview 1 (IEW1),66,0,2015,4,8,21,52
Summerview 2 (IEW2),66,0,2015,4,8,21,52
Suncor Chin Chute (SCR3),30,2,2015,4,8,21,52
Suncor Magrath (SCR2),30,0,2015,4,8,21,52
Suncor Wintering Hills (SCR4),88,0,2015,4,8,21,52
Ardenville Wind (ARD1),68,0,2015,4,8,21,53
Blackspring Ridge (BSR1),300,21,2015,4,8,21,53
Blue Trail Wind (BTR1),66,0,2015,4,8,21,53
Castle River #1 (CR1),39,0,2015,4,8,21,53
Castle Rock Wind Farm (CRR1),77,1,2015,4,8,21,53
Cowley Ridge (CRW1),38,0,2015,4,8,21,53
Enmax Taber (TAB1),81,7,2015,4,8,21,53
Ghost Pine (NEP1),82,3,2015,4,8,21,53
Halkirk Wind Power Facility (HAL1),150,0,2015,4,8,21,53
Kettles Hill (KHW1),63,3,2015,4,8,21,53
McBride Lake Windfarm (AKE1),73,0,2015,4,8,21,53
Oldman 2 Wind Farm 1 (OWF1),46,0,2015,4,8,21,53
Soderglen Wind  (GWW1),71,4,2015,4,8,21,53
Summerview 1 (IEW1),66,0,2015,4,8,21,53
Summerview 2 (IEW2),66,0,2015,4,8,21,53
Suncor Chin Chute (SCR3),30,2,2015,4,8,21,53
Suncor Magrath (SCR2),30,0,2015,4,8,21,53
Suncor Wintering Hills (SCR4),88,0,2015,4,8,21,53
Ardenville Wind (ARD1),68,0,2015,4,8,21,54
Blackspring Ridge (BSR1),300,20,2015,4,8,21,54
Blue Trail Wind (BTR1),66,0,2015,4,8,21,54
Castle River #1 (CR1),39,0,2015,4,8,21,54
Castle Rock Wind Farm (CRR1),77,1,2015,4,8,21,54
Cowley Ridge (CRW1),38,0,2015,4,8,21,54
Enmax Taber (TAB1),81,7,2015,4,8,21,54
Ghost Pine (NEP1),82,3,2015,4,8,21,54
Halkirk Wind Power Facility (HAL1),150,0,2015,4,8,21,54
Kettles Hill (KHW1),63,3,2015,4,8,21,54
McBride Lake Windfarm (AKE1),73,0,2015,4,8,21,54
Oldman 2 Wind Farm 1 (OWF1),46,0,2015,4,8,21,54
Soderglen Wind  (GWW1),71,4,2015,4,8,21,54
Summerview 1 (IEW1),66,0,2015,4,8,21,54
Summerview 2 (IEW2),66,0,2015,4,8,21,54
Suncor Chin Chute (SCR3),30,2,2015,4,8,21,54
Suncor Magrath (SCR2),30,0,2015,4,8,21,54
Suncor Wintering Hills (SCR4),88,0,2015,4,8,21,54
Ardenville Wind (ARD1),68,0,2015,4,8,21,55
Blackspring Ridge (BSR1),300,20,2015,4,8,21,55
Blue Trail Wind (BTR1),66,0,2015,4,8,21,55
Castle River #1 (CR1),39,0,2015,4,8,21,55
Castle Rock Wind Farm (CRR1),77,1,2015,4,8,21,55
Cowley Ridge (CRW1),38,0,2015,4,8,21,55
Enmax Taber (TAB1),81,7,2015,4,8,21,55
Ghost Pine (NEP1),82,3,2015,4,8,21,55
Halkirk Wind Power Facility (HAL1),150,0,2015,4,8,21,55
Kettles Hill (KHW1),63,3,2015,4,8,21,55
McBride Lake Windfarm (AKE1),73,0,2015,4,8,21,55
Oldman 2 Wind Farm 1 (OWF1),46,0,2015,4,8,21,55
Soderglen Wind  (GWW1),71,4,2015,4,8,21,55
Summerview 1 (IEW1),66,0,2015,4,8,21,55
Summerview 2 (IEW2),66,0,2015,4,8,21,55
Suncor Chin Chute (SCR3),30,2,2015,4,8,21,55
Suncor Magrath (SCR2),30,0,2015,4,8,21,55
Suncor Wintering Hills (SCR4),88,0,2015,4,8,21,55
Ardenville Wind (ARD1),68,0,2015,4,8,21,56
Blackspring Ridge (BSR1),300,20,2015,4,8,21,56
Blue Trail Wind (BTR1),66,0,2015,4,8,21,56
Castle River #1 (CR1),39,0,2015,4,8,21,56
Castle Rock Wind Farm (CRR1),77,1,2015,4,8,21,56
Cowley Ridge (CRW1),38,0,2015,4,8,21,56
Enmax Taber (TAB1),81,7,2015,4,8,21,56
Ghost Pine (NEP1),82,4,2015,4,8,21,56
Halkirk Wind Power Facility (HAL1),150,0,2015,4,8,21,56
Kettles Hill (KHW1),63,3,2015,4,8,21,56
McBride Lake Windfarm (AKE1),73,0,2015,4,8,21,56
Oldman 2 Wind Farm 1 (OWF1),46,0,2015,4,8,21,56
Soderglen Wind  (GWW1),71,3,2015,4,8,21,56
Summerview 1 (IEW1),66,0,2015,4,8,21,56
Summerview 2 (IEW2),66,0,2015,4,8,21,56
Suncor Chin Chute (SCR3),30,2,2015,4,8,21,56
Suncor Magrath (SCR2),30,0,2015,4,8,21,56
Suncor Wintering Hills (SCR4),88,0,2015,4,8,21,56
Ardenville Wind (ARD1),68,0,2015,4,8,21,57
Blackspring Ridge (BSR1),300,20,2015,4,8,21,57
Blue Trail Wind (BTR1),66,0,2015,4,8,21,57
Castle River #1 (CR1),39,0,2015,4,8,21,57
Castle Rock Wind Farm (CRR1),77,1,2015,4,8,21,57
Cowley Ridge (CRW1),38,0,2015,4,8,21,57
Enmax Taber (TAB1),81,7,2015,4,8,21,57
Ghost Pine (NEP1),82,4,2015,4,8,21,57
Halkirk Wind Power Facility (HAL1),150,0,2015,4,8,21,57
Kettles Hill (KHW1),63,5,2015,4,8,21,57
McBride Lake Windfarm (AKE1),73,0,2015,4,8,21,57
Oldman 2 Wind Farm 1 (OWF1),46,0,2015,4,8,21,57
Soderglen Wind  (GWW1),71,3,2015,4,8,21,57
Summerview 1 (IEW1),66,0,2015,4,8,21,57
Summerview 2 (IEW2),66,0,2015,4,8,21,57
Suncor Chin Chute (SCR3),30,2,2015,4,8,21,57
Suncor Magrath (SCR2),30,0,2015,4,8,21,57
Suncor Wintering Hills (SCR4),88,0,2015,4,8,21,57
Ardenville Wind (ARD1),68,0,2015,4,8,21,58
Blackspring Ridge (BSR1),300,19,2015,4,8,21,58
Blue Trail Wind (BTR1),66,0,2015,4,8,21,58
Castle River #1 (CR1),39,0,2015,4,8,21,58
Castle Rock Wind Farm (CRR1),77,0,2015,4,8,21,58
Cowley Ridge (CRW1),38,0,2015,4,8,21,58
Enmax Taber (TAB1),81,7,2015,4,8,21,58
Ghost Pine (NEP1),82,4,2015,4,8,21,58
Halkirk Wind Power Facility (HAL1),150,0,2015,4,8,21,58
Kettles Hill (KHW1),63,3,2015,4,8,21,58
McBride Lake Windfarm (AKE1),73,0,2015,4,8,21,58
Oldman 2 Wind Farm 1 (OWF1),46,0,2015,4,8,21,58
Soderglen Wind  (GWW1),71,4,2015,4,8,21,58
Summerview 1 (IEW1),66,0,2015,4,8,21,58
Summerview 2 (IEW2),66,0,2015,4,8,21,58
Suncor Chin Chute (SCR3),30,2,2015,4,8,21,58
Suncor Magrath (SCR2),30,0,2015,4,8,21,58
Suncor Wintering Hills (SCR4),88,0,2015,4,8,21,58
Ardenville Wind (ARD1),68,0,2015,4,8,21,59
Blackspring Ridge (BSR1),300,19,2015,4,8,21,59
Blue Trail Wind (BTR1),66,0,2015,4,8,21,59
Castle River #1 (CR1),39,0,2015,4,8,21,59
Castle Rock Wind Farm (CRR1),77,0,2015,4,8,21,59
Cowley Ridge (CRW1),38,0,2015,4,8,21,59
Enmax Taber (TAB1),81,7,2015,4,8,21,59
Ghost Pine (NEP1),82,5,2015,4,8,21,59
Halkirk Wind Power Facility (HAL1),150,0,2015,4,8,21,59
Kettles Hill (KHW1),63,5,2015,4,8,21,59
McBride Lake Windfarm (AKE1),73,0,2015,4,8,21,59
Oldman 2 Wind Farm 1 (OWF1),46,0,2015,4,8,21,59
Soderglen Wind  (GWW1),71,3,2015,4,8,21,59
Summerview 1 (IEW1),66,0,2015,4,8,21,59
Summerview 2 (IEW2),66,0,2015,4,8,21,59
Suncor Chin Chute (SCR3),30,2,2015,4,8,21,59
Suncor Magrath (SCR2),30,0,2015,4,8,21,59
Suncor Wintering Hills (SCR4),88,0,2015,4,8,21,59
